﻿<?xml version="1.0" encoding="utf-8"?><Device Name="Application"><Policies><Policy ID="Gitlab" PlatformBaseID="SampleRestAPIPlatform" PlatformBaseType="SampleRestAPIPlatform" PlatformBaseProtocol="Rest" AutoChangeOnAdd="No" AutoVerifyOnAdd="No">
          <Properties>
            <Required>
              <Property Name="Username" />
              <Property Name="Address" />
              <Property Name="KeyID" />
            </Required>
            <Optional />
          </Properties>
          <LinkedPasswords>
            <Link Name="ReconcileAccount" PropertyIndex="3" />
            <Link Name="LogonAccount" PropertyIndex="1" />
          </LinkedPasswords>
          <TicketingSystem EnterTicketingInfo="No" ValidateTicketNumber="No" />
        </Policy></Policies></Device>